Timestamp,Bolt_ID,Diameter_mm
2025-09-06 15:43:27,BOLT-0001,19.9925
2025-09-06 15:43:32,BOLT-0002,19.9538
2025-09-06 15:43:37,BOLT-0003,19.9918
2025-09-06 15:43:42,BOLT-0004,20.0144
2025-09-06 15:43:47,BOLT-0005,20.0349
2025-09-06 15:43:52,BOLT-0006,19.9568
2025-09-06 15:43:57,BOLT-0007,20.0262
2025-09-06 15:44:02,BOLT-0008,20.08
2025-09-06 15:44:07,BOLT-0009,19.9748
2025-09-06 15:44:12,BOLT-0010,19.9992
2025-09-06 15:44:17,BOLT-0011,19.9695
2025-09-06 15:44:22,BOLT-0012,20.0623
2025-09-06 15:44:27,BOLT-0013,20.0431
2025-09-06 15:44:32,BOLT-0014,19.9537
2025-09-06 15:44:37,BOLT-0015,20.0049
2025-09-06 15:44:42,BOLT-0016,20.0009
2025-09-06 15:44:47,BOLT-0017,19.9838
2025-09-06 15:44:52,BOLT-0018,20.0091
2025-09-06 15:44:57,BOLT-0019,20.0154
2025-09-06 15:45:02,BOLT-0020,20.1139
2025-09-06 15:45:07,BOLT-0021,20.0236
2025-09-06 15:45:12,BOLT-0022,19.9895
2025-09-06 15:45:17,BOLT-0023,20.0005
2025-09-06 15:45:22,BOLT-0024,20.0194
2025-09-06 15:45:27,BOLT-0025,19.9843
2025-09-06 15:45:32,BOLT-0026,19.9753
2025-09-06 15:45:37,BOLT-0027,20.0099
2025-09-06 15:45:42,BOLT-0028,19.9592
2025-09-06 15:45:47,BOLT-0029,20.016
2025-09-06 15:45:52,BOLT-0030,19.9007
2025-09-06 15:45:57,BOLT-0031,19.993
2025-09-06 15:46:02,BOLT-0032,19.9723
2025-09-06 15:46:07,BOLT-0033,20.0159
2025-09-06 15:46:12,BOLT-0034,19.9219
2025-09-06 15:46:17,BOLT-0035,19.9842
2025-09-06 15:46:22,BOLT-0036,19.9772
2025-09-06 15:46:27,BOLT-0037,19.9603
2025-09-06 15:46:32,BOLT-0038,20.0425
2025-09-06 15:46:37,BOLT-0039,19.9527
2025-09-06 15:46:42,BOLT-0040,20.0428
2025-09-06 15:46:47,BOLT-0041,19.9797
2025-09-06 15:46:52,BOLT-0042,19.9517
2025-09-06 15:46:57,BOLT-0043,19.9529
2025-09-06 15:47:02,BOLT-0044,20.0196
2025-09-06 15:47:07,BOLT-0045,19.9616
2025-09-06 15:47:12,BOLT-0046,19.9886
2025-09-06 15:47:17,BOLT-0047,20.0171
2025-09-06 15:47:22,BOLT-0048,19.9327
2025-09-06 15:47:27,BOLT-0049,19.968
2025-09-06 15:47:32,BOLT-0050,19.9823
2025-09-06 15:47:37,BOLT-0051,19.9534
2025-09-06 15:47:42,BOLT-0052,20.0461
2025-09-06 15:47:47,BOLT-0053,20.0015
2025-09-06 15:47:52,BOLT-0054,19.992
2025-09-06 15:47:57,BOLT-0055,20.0594
2025-09-06 15:48:02,BOLT-0056,20.0247
2025-09-06 15:48:07,BOLT-0057,20.0464
2025-09-06 15:48:12,BOLT-0058,20.0389
2025-09-06 15:48:17,BOLT-0059,20.0189
2025-09-06 15:48:22,BOLT-0060,19.9524
2025-09-06 15:48:27,BOLT-0061,19.8738
2025-09-06 15:48:32,BOLT-0062,20.0185
2025-09-06 15:48:37,BOLT-0063,20.0039
2025-09-06 15:48:42,BOLT-0064,19.9746
2025-09-06 15:48:47,BOLT-0065,20.0368
2025-09-06 15:48:52,BOLT-0066,20.0267
2025-09-06 15:48:57,BOLT-0067,19.9909
2025-09-06 15:49:02,BOLT-0068,20.0312
2025-09-06 15:49:07,BOLT-0069,19.9865
2025-09-06 15:49:12,BOLT-0070,20.0031
2025-09-06 15:49:17,BOLT-0071,19.9808
2025-09-06 15:49:22,BOLT-0072,20.032
2025-09-06 15:49:27,BOLT-0073,19.993
2025-09-06 15:49:32,BOLT-0074,19.9892
2025-09-06 15:49:37,BOLT-0075,19.9582
2025-09-06 15:49:42,BOLT-0076,19.9862
2025-09-06 15:49:47,BOLT-0077,20.035
2025-09-06 15:49:52,BOLT-0078,20.0444
2025-09-06 15:49:57,BOLT-0079,20.0144
2025-09-06 15:50:02,BOLT-0080,20.0411
2025-09-06 15:50:07,BOLT-0081,20.0447
2025-09-06 15:50:12,BOLT-0082,20.0191
2025-09-06 15:50:17,BOLT-0083,19.9768
2025-09-06 15:50:22,BOLT-0084,19.9825
2025-09-06 15:50:27,BOLT-0085,19.9899
2025-09-06 15:50:32,BOLT-0086,20.037
2025-09-06 15:50:37,BOLT-0087,19.9816
2025-09-06 15:50:42,BOLT-0088,20.0342
2025-09-06 15:50:47,BOLT-0089,19.9616
2025-09-06 15:50:52,BOLT-0090,19.9849
2025-09-06 15:50:57,BOLT-0091,20.0285
2025-09-06 15:51:02,BOLT-0092,19.9842
2025-09-06 15:51:07,BOLT-0093,20.0125
2025-09-06 15:51:12,BOLT-0094,20.0274
2025-09-06 15:51:17,BOLT-0095,20.0494
2025-09-06 15:51:22,BOLT-0096,19.9935
2025-09-06 15:51:27,BOLT-0097,19.9787
2025-09-06 15:51:32,BOLT-0098,19.964
2025-09-06 15:51:37,BOLT-0099,19.9804
2025-09-06 15:51:42,BOLT-0100,20.0385
2025-09-06 15:51:47,BOLT-0101,20.026
2025-09-06 15:51:52,BOLT-0102,19.967
2025-09-06 15:51:57,BOLT-0103,19.9928
2025-09-06 15:52:02,BOLT-0104,19.9983
2025-09-06 15:52:07,BOLT-0105,19.9833
2025-09-06 15:52:12,BOLT-0106,19.9749
2025-09-06 15:52:17,BOLT-0107,20.0311
2025-09-06 15:52:22,BOLT-0108,19.8943
2025-09-06 15:52:27,BOLT-0109,20.0139
2025-09-06 15:52:32,BOLT-0110,19.9556
2025-09-06 15:52:37,BOLT-0111,19.9767
2025-09-06 15:52:42,BOLT-0112,19.9824
2025-09-06 15:52:47,BOLT-0113,20.1471
2025-09-06 15:52:52,BOLT-0114,20.0081
2025-09-06 15:52:57,BOLT-0115,20.0397
2025-09-06 15:53:02,BOLT-0116,19.9678
2025-09-06 15:53:07,BOLT-0117,19.9559
2025-09-06 15:53:12,BOLT-0118,20.0445
2025-09-06 15:53:17,BOLT-0119,19.9653
2025-09-06 15:53:22,BOLT-0120,19.9581
2025-09-06 15:53:27,BOLT-0121,19.9634
2025-09-06 15:53:32,BOLT-0122,19.9621
2025-09-06 15:53:37,BOLT-0123,19.952
2025-09-06 15:53:42,BOLT-0124,20.0225
2025-09-06 15:53:47,BOLT-0125,19.9544
2025-09-06 15:53:52,BOLT-0126,19.9924
2025-09-06 15:53:57,BOLT-0127,20.0328
2025-09-06 15:54:02,BOLT-0128,20.0487
2025-09-06 15:54:07,BOLT-0129,19.9739
2025-09-06 15:54:12,BOLT-0130,20.0456
2025-09-06 15:54:17,BOLT-0131,19.9878
2025-09-06 15:54:22,BOLT-0132,19.9545
2025-09-06 15:54:27,BOLT-0133,20.0163
2025-09-06 15:54:32,BOLT-0134,19.9834
2025-09-06 15:54:37,BOLT-0135,19.9832
2025-09-06 15:54:42,BOLT-0136,19.9762
2025-09-06 15:54:47,BOLT-0137,20.004
2025-09-06 15:54:52,BOLT-0138,19.9936
2025-09-06 15:54:57,BOLT-0139,20.029
2025-09-06 15:55:02,BOLT-0140,20.0317
2025-09-06 15:55:07,BOLT-0141,19.9687
2025-09-06 15:55:12,BOLT-0142,19.9606
2025-09-06 15:55:17,BOLT-0143,20.0031
2025-09-06 15:55:22,BOLT-0144,19.9723
2025-09-06 15:55:27,BOLT-0145,20.0348
2025-09-06 15:55:32,BOLT-0146,19.9739
2025-09-06 15:55:37,BOLT-0147,19.951
2025-09-06 15:55:42,BOLT-0148,20.0011
2025-09-06 15:55:47,BOLT-0149,20.0058
2025-09-06 15:55:52,BOLT-0150,19.9905
2025-09-06 15:55:57,BOLT-0151,19.9618
2025-09-06 15:56:02,BOLT-0152,19.9981
2025-09-06 15:56:07,BOLT-0153,20.0369
2025-09-06 15:56:12,BOLT-0154,19.9929
2025-09-06 15:56:17,BOLT-0155,19.9949
2025-09-06 15:56:22,BOLT-0156,19.9954
2025-09-06 15:56:27,BOLT-0157,20.017
2025-09-06 15:56:32,BOLT-0158,20.0494
2025-09-06 15:56:37,BOLT-0159,19.982
2025-09-06 15:56:42,BOLT-0160,20.0337
2025-09-06 15:56:47,BOLT-0161,20.0223
2025-09-06 15:56:52,BOLT-0162,19.9871
2025-09-06 15:56:57,BOLT-0163,20.0313
2025-09-06 15:57:02,BOLT-0164,20.0039
2025-09-06 15:57:07,BOLT-0165,20.0073
2025-09-06 15:57:12,BOLT-0166,19.9762
2025-09-06 15:57:17,BOLT-0167,19.9588
2025-09-06 15:57:22,BOLT-0168,19.96
2025-09-06 15:57:27,BOLT-0169,19.9602
2025-09-06 15:57:32,BOLT-0170,19.9544
2025-09-06 15:57:37,BOLT-0171,20.04
2025-09-06 15:57:42,BOLT-0172,19.9903
2025-09-06 15:57:47,BOLT-0173,20.0493
2025-09-06 15:57:52,BOLT-0174,20.0382
2025-09-06 15:57:57,BOLT-0175,19.9507
2025-09-06 15:58:02,BOLT-0176,19.9556
2025-09-06 15:58:07,BOLT-0177,19.9815
2025-09-06 15:58:12,BOLT-0178,19.9704
2025-09-06 15:58:17,BOLT-0179,19.9612
2025-09-06 15:58:22,BOLT-0180,19.9628
2025-09-06 15:58:27,BOLT-0181,20.0329
2025-09-06 15:58:32,BOLT-0182,19.952
2025-09-06 15:58:37,BOLT-0183,19.9596
2025-09-06 15:58:42,BOLT-0184,19.957
2025-09-06 15:58:47,BOLT-0185,20.0209
2025-09-06 15:58:52,BOLT-0186,19.9689
2025-09-06 15:58:57,BOLT-0187,19.9575
2025-09-06 15:59:02,BOLT-0188,19.9857
2025-09-06 15:59:07,BOLT-0189,19.9985
2025-09-06 15:59:12,BOLT-0190,20.0055
2025-09-06 15:59:17,BOLT-0191,19.9567
2025-09-06 15:59:22,BOLT-0192,19.9705
2025-09-06 15:59:27,BOLT-0193,19.9792
2025-09-06 15:59:32,BOLT-0194,19.9764
2025-09-06 15:59:37,BOLT-0195,19.9674
2025-09-06 15:59:42,BOLT-0196,20.0052
2025-09-06 15:59:47,BOLT-0197,19.9689
2025-09-06 15:59:52,BOLT-0198,20.0768
2025-09-06 15:59:57,BOLT-0199,20.1342
2025-09-06 16:00:02,BOLT-0200,19.9794
2025-09-06 16:00:07,BOLT-0201,20.017
2025-09-06 16:00:12,BOLT-0202,19.9534
2025-09-06 16:00:17,BOLT-0203,19.9841
2025-09-06 16:00:22,BOLT-0204,19.9932
2025-09-06 16:00:27,BOLT-0205,20.023
2025-09-06 16:00:32,BOLT-0206,19.9792
2025-09-06 16:00:37,BOLT-0207,19.9544
2025-09-06 16:00:42,BOLT-0208,19.9729
2025-09-06 16:00:47,BOLT-0209,20.0447
2025-09-06 16:00:52,BOLT-0210,20.0169
2025-09-06 16:00:57,BOLT-0211,20.025
2025-09-06 16:01:02,BOLT-0212,20.015
2025-09-06 16:01:07,BOLT-0213,19.9667
2025-09-06 16:01:12,BOLT-0214,20.0157
2025-09-06 16:01:17,BOLT-0215,19.9594
2025-09-06 16:01:22,BOLT-0216,19.9422
2025-09-06 16:01:27,BOLT-0217,20.0338
2025-09-06 16:01:32,BOLT-0218,19.98
2025-09-06 16:01:37,BOLT-0219,20.0429
2025-09-06 16:01:42,BOLT-0220,20.0089
2025-09-06 16:01:47,BOLT-0221,19.9557
2025-09-06 16:01:52,BOLT-0222,19.9612
2025-09-06 16:01:57,BOLT-0223,20.0356
2025-09-06 16:02:02,BOLT-0224,20.0059
2025-09-06 16:02:07,BOLT-0225,19.9875
2025-09-06 16:02:12,BOLT-0226,20.0254
2025-09-06 16:02:17,BOLT-0227,20.0308
2025-09-06 16:02:22,BOLT-0228,20.0167
2025-09-06 16:02:27,BOLT-0229,19.9826
2025-09-06 16:02:32,BOLT-0230,20.031
2025-09-06 16:02:37,BOLT-0231,20.0324
2025-09-06 16:02:42,BOLT-0232,20.0391
2025-09-06 16:02:47,BOLT-0233,19.9567
2025-09-06 16:02:52,BOLT-0234,19.9545
2025-09-06 16:02:57,BOLT-0235,20.0176
2025-09-06 16:03:02,BOLT-0236,20.0316
2025-09-06 16:03:07,BOLT-0237,20.0029
2025-09-06 16:03:12,BOLT-0238,20.008
2025-09-06 16:03:17,BOLT-0239,19.9549
2025-09-06 16:03:22,BOLT-0240,19.9745
2025-09-06 16:03:27,BOLT-0241,20.0242
2025-09-06 16:03:32,BOLT-0242,19.97
2025-09-06 16:03:37,BOLT-0243,19.9812
2025-09-06 16:03:42,BOLT-0244,20.0186
2025-09-06 16:03:47,BOLT-0245,20.0498
2025-09-06 16:03:52,BOLT-0246,20.0431
2025-09-06 16:03:57,BOLT-0247,19.99
2025-09-06 16:04:02,BOLT-0248,19.9711
2025-09-06 16:04:07,BOLT-0249,19.9981
2025-09-06 16:04:12,BOLT-0250,19.9111
2025-09-06 16:04:17,BOLT-0251,19.9696
2025-09-06 16:04:22,BOLT-0252,19.974
2025-09-06 16:04:27,BOLT-0253,20.048
2025-09-06 16:04:32,BOLT-0254,19.9997
2025-09-06 16:04:37,BOLT-0255,20.0254
2025-09-06 16:04:42,BOLT-0256,19.9903
2025-09-06 16:04:47,BOLT-0257,20.0386
2025-09-06 16:04:52,BOLT-0258,19.9566
2025-09-06 16:04:57,BOLT-0259,20.034
2025-09-06 16:05:02,BOLT-0260,20.0192
2025-09-06 16:05:07,BOLT-0261,20.0434
2025-09-06 16:05:12,BOLT-0262,19.9624
2025-09-06 16:05:17,BOLT-0263,20.0333
2025-09-06 16:05:22,BOLT-0264,19.9852
2025-09-06 16:05:27,BOLT-0265,20.0142
2025-09-06 16:05:32,BOLT-0266,20.0203
2025-09-06 16:05:37,BOLT-0267,20.039
2025-09-06 16:05:42,BOLT-0268,19.8654
2025-09-06 16:05:47,BOLT-0269,19.9751
2025-09-06 16:05:52,BOLT-0270,20.0348
2025-09-06 16:05:57,BOLT-0271,20.0371
2025-09-06 16:06:02,BOLT-0272,20.0462
2025-09-06 16:06:07,BOLT-0273,20.0087
2025-09-06 16:06:12,BOLT-0274,19.9571
2025-09-06 16:06:17,BOLT-0275,20.0386
2025-09-06 16:06:22,BOLT-0276,20.046
2025-09-06 16:06:27,BOLT-0277,20.0244
2025-09-06 16:06:32,BOLT-0278,19.8761
2025-09-06 16:06:37,BOLT-0279,20.0123
2025-09-06 16:06:42,BOLT-0280,19.9804
2025-09-06 16:06:47,BOLT-0281,20.0283
2025-09-06 16:06:52,BOLT-0282,19.9753
2025-09-06 16:06:57,BOLT-0283,20.0274
2025-09-06 16:07:02,BOLT-0284,19.9957
2025-09-06 16:07:07,BOLT-0285,19.9926
2025-09-06 16:07:12,BOLT-0286,20.0087
2025-09-06 16:07:17,BOLT-0287,20.0142
2025-09-06 16:07:22,BOLT-0288,20.0393
2025-09-06 16:07:27,BOLT-0289,19.9578
2025-09-06 16:07:32,BOLT-0290,20.0398
2025-09-06 16:07:37,BOLT-0291,20.0041
2025-09-06 16:07:42,BOLT-0292,19.9941
2025-09-06 16:07:47,BOLT-0293,20.0189
2025-09-06 16:07:52,BOLT-0294,20.0323
2025-09-06 16:07:57,BOLT-0295,19.9839
2025-09-06 16:08:02,BOLT-0296,20.0103
2025-09-06 16:08:07,BOLT-0297,20.1032
2025-09-06 16:08:12,BOLT-0298,20.0203
2025-09-06 16:08:17,BOLT-0299,19.9674
2025-09-06 16:08:22,BOLT-0300,20.0456
2025-09-06 16:08:27,BOLT-0301,20.0372
2025-09-06 16:08:32,BOLT-0302,20.1225
2025-09-06 16:08:37,BOLT-0303,20.0107
2025-09-06 16:08:42,BOLT-0304,19.9888
2025-09-06 16:08:47,BOLT-0305,19.9771
2025-09-06 16:08:52,BOLT-0306,20.0837
2025-09-06 16:08:57,BOLT-0307,19.8543
2025-09-06 16:09:02,BOLT-0308,19.9911
2025-09-06 16:09:07,BOLT-0309,19.9565
2025-09-06 16:09:12,BOLT-0310,19.9562
2025-09-06 16:09:17,BOLT-0311,19.9533
2025-09-06 16:09:22,BOLT-0312,20.0476
2025-09-06 16:09:27,BOLT-0313,20.0969
2025-09-06 16:09:32,BOLT-0314,19.9781
2025-09-06 16:09:37,BOLT-0315,20.0357
2025-09-06 16:09:42,BOLT-0316,20.0376
2025-09-06 16:09:47,BOLT-0317,20.0486
2025-09-06 16:09:52,BOLT-0318,20.0364
2025-09-06 16:09:57,BOLT-0319,19.9691
2025-09-06 16:10:02,BOLT-0320,19.9638
2025-09-06 16:10:07,BOLT-0321,19.9826
2025-09-06 16:10:12,BOLT-0322,20.0428
2025-09-06 16:10:17,BOLT-0323,19.9636
2025-09-06 16:10:22,BOLT-0324,20.0558
2025-09-06 16:10:27,BOLT-0325,20.0002
2025-09-06 16:10:32,BOLT-0326,19.9747
2025-09-06 16:10:37,BOLT-0327,19.9571
2025-09-06 16:10:42,BOLT-0328,19.958
2025-09-06 16:10:47,BOLT-0329,20.1109
2025-09-06 16:10:52,BOLT-0330,20.0314
2025-09-06 16:10:57,BOLT-0331,20.0276
2025-09-06 16:11:02,BOLT-0332,19.9625
2025-09-06 16:11:07,BOLT-0333,20.0303
2025-09-06 16:11:12,BOLT-0334,19.9731
2025-09-06 16:11:17,BOLT-0335,20.0203
2025-09-06 16:11:22,BOLT-0336,20.0278
2025-09-06 16:11:27,BOLT-0337,19.9663
2025-09-06 16:11:32,BOLT-0338,19.9585
2025-09-06 16:11:37,BOLT-0339,19.9983
2025-09-06 16:11:42,BOLT-0340,19.9796
2025-09-06 16:11:47,BOLT-0341,19.9675
2025-09-06 16:11:52,BOLT-0342,19.9648
2025-09-06 16:11:57,BOLT-0343,20.0149
2025-09-06 16:12:02,BOLT-0344,20.0174
2025-09-06 16:12:07,BOLT-0345,20.0057
2025-09-06 16:12:12,BOLT-0346,20.0416
2025-09-06 16:12:17,BOLT-0347,20.0298
2025-09-06 16:12:22,BOLT-0348,20.039
2025-09-06 16:12:27,BOLT-0349,20.0285
2025-09-06 16:12:32,BOLT-0350,19.9729
2025-09-06 16:12:37,BOLT-0351,20.0393
2025-09-06 16:12:42,BOLT-0352,19.9828
2025-09-06 16:12:47,BOLT-0353,20.0069
2025-09-06 16:12:52,BOLT-0354,20.0431
2025-09-06 16:12:57,BOLT-0355,20.005
2025-09-06 16:13:02,BOLT-0356,20.0138
2025-09-06 16:13:07,BOLT-0357,19.9904
2025-09-06 16:13:12,BOLT-0358,20.0125
2025-09-06 16:13:17,BOLT-0359,20.0243
2025-09-06 16:13:22,BOLT-0360,19.9963
2025-09-06 16:13:27,BOLT-0361,19.955
2025-09-06 16:13:32,BOLT-0362,19.9968
2025-09-06 16:13:37,BOLT-0363,19.9587
2025-09-06 16:13:42,BOLT-0364,19.9629
2025-09-06 16:13:47,BOLT-0365,19.8529
2025-09-06 16:13:52,BOLT-0366,19.9623
2025-09-06 16:13:57,BOLT-0367,19.8965
2025-09-06 16:14:02,BOLT-0368,20.046
2025-09-06 16:14:07,BOLT-0369,19.9866
2025-09-06 16:14:12,BOLT-0370,20.0034
2025-09-06 16:14:17,BOLT-0371,19.9601
2025-09-06 16:14:22,BOLT-0372,20.0437
2025-09-06 16:14:27,BOLT-0373,19.9684
2025-09-06 16:14:32,BOLT-0374,19.9845
2025-09-06 16:14:37,BOLT-0375,19.9666
2025-09-06 16:14:42,BOLT-0376,19.8719
2025-09-06 16:14:47,BOLT-0377,19.9773
2025-09-06 16:14:52,BOLT-0378,19.9692
2025-09-06 16:14:57,BOLT-0379,20.0204
2025-09-06 16:15:02,BOLT-0380,20.0021
2025-09-06 16:15:07,BOLT-0381,20.0442
2025-09-06 16:15:12,BOLT-0382,20.0227
2025-09-06 16:15:17,BOLT-0383,20.014
2025-09-06 16:15:22,BOLT-0384,20.0228
2025-09-06 16:15:27,BOLT-0385,20.0444
2025-09-06 16:15:32,BOLT-0386,19.9752
2025-09-06 16:15:37,BOLT-0387,20.0465
2025-09-06 16:15:42,BOLT-0388,19.9662
2025-09-06 16:15:47,BOLT-0389,19.9627
2025-09-06 16:15:52,BOLT-0390,20.016
2025-09-06 16:15:57,BOLT-0391,20.1104
2025-09-06 16:16:02,BOLT-0392,20.0384
2025-09-06 16:16:07,BOLT-0393,20.0471
2025-09-06 16:16:12,BOLT-0394,19.9751
2025-09-06 16:16:17,BOLT-0395,20.0413
2025-09-06 16:16:22,BOLT-0396,19.9905
2025-09-06 16:16:27,BOLT-0397,19.9871
2025-09-06 16:16:32,BOLT-0398,20.0051
2025-09-06 16:16:37,BOLT-0399,19.983
2025-09-06 16:16:42,BOLT-0400,19.9819
2025-09-06 16:16:47,BOLT-0401,19.9868
2025-09-06 16:16:52,BOLT-0402,19.9875
2025-09-06 16:16:57,BOLT-0403,20.003
2025-09-06 16:17:02,BOLT-0404,20.043
2025-09-06 16:17:07,BOLT-0405,20.0376
2025-09-06 16:17:12,BOLT-0406,20.0011
2025-09-06 16:17:17,BOLT-0407,19.9861
2025-09-06 16:17:22,BOLT-0408,19.9734
2025-09-06 16:17:27,BOLT-0409,19.9587
2025-09-06 16:17:32,BOLT-0410,20.0452
2025-09-06 16:17:37,BOLT-0411,20.0069
2025-09-06 16:17:42,BOLT-0412,19.9856
2025-09-06 16:17:47,BOLT-0413,19.9912
2025-09-06 16:17:52,BOLT-0414,19.9617
2025-09-06 16:17:57,BOLT-0415,19.9975
2025-09-06 16:18:02,BOLT-0416,19.9805
2025-09-06 16:18:07,BOLT-0417,19.9982
2025-09-06 16:18:12,BOLT-0418,19.9926
2025-09-06 16:18:17,BOLT-0419,20.02
2025-09-06 16:18:22,BOLT-0420,20.044
2025-09-06 16:18:27,BOLT-0421,19.9675
2025-09-06 16:18:32,BOLT-0422,19.9897
2025-09-06 16:18:37,BOLT-0423,20.0401
2025-09-06 16:18:42,BOLT-0424,19.9507
2025-09-06 16:18:47,BOLT-0425,20.0093
2025-09-06 16:18:52,BOLT-0426,20.0468
2025-09-06 16:18:57,BOLT-0427,20.0145
2025-09-06 16:19:02,BOLT-0428,19.9539
2025-09-06 16:19:07,BOLT-0429,19.9543
2025-09-06 16:19:12,BOLT-0430,19.9571
2025-09-06 16:19:17,BOLT-0431,19.9797
2025-09-06 16:19:22,BOLT-0432,20.0434
2025-09-06 16:19:27,BOLT-0433,19.9762
2025-09-06 16:19:32,BOLT-0434,20.0348
2025-09-06 16:19:37,BOLT-0435,19.9979
2025-09-06 16:19:42,BOLT-0436,20.0193
2025-09-06 16:19:47,BOLT-0437,20.0202
2025-09-06 16:19:52,BOLT-0438,19.9803
2025-09-06 16:19:57,BOLT-0439,20.0432
2025-09-06 16:20:02,BOLT-0440,20.017
2025-09-06 16:20:07,BOLT-0441,19.9461
2025-09-06 16:20:12,BOLT-0442,20.0468
2025-09-06 16:20:17,BOLT-0443,19.9731
2025-09-06 16:20:22,BOLT-0444,20.0402
2025-09-06 16:20:27,BOLT-0445,20.0042
2025-09-06 16:20:32,BOLT-0446,20.0469
2025-09-06 16:20:37,BOLT-0447,19.9889
2025-09-06 16:20:42,BOLT-0448,20.0097
2025-09-06 16:20:47,BOLT-0449,20.0347
2025-09-06 16:20:52,BOLT-0450,20.0097
2025-09-06 16:20:57,BOLT-0451,20.0136
2025-09-06 16:21:02,BOLT-0452,19.9561
2025-09-06 16:21:07,BOLT-0453,19.9865
2025-09-06 16:21:12,BOLT-0454,19.9777
2025-09-06 16:21:17,BOLT-0455,20.011
2025-09-06 16:21:22,BOLT-0456,20.0482
2025-09-06 16:21:27,BOLT-0457,19.9983
2025-09-06 16:21:32,BOLT-0458,19.9981
2025-09-06 16:21:37,BOLT-0459,19.9956
2025-09-06 16:21:42,BOLT-0460,20.0213
2025-09-06 16:21:47,BOLT-0461,20.0384
2025-09-06 16:21:52,BOLT-0462,20.0397
2025-09-06 16:21:57,BOLT-0463,20.0173
2025-09-06 16:22:02,BOLT-0464,19.9527
2025-09-06 16:22:07,BOLT-0465,19.9652
2025-09-06 16:22:12,BOLT-0466,20.0456
2025-09-06 16:22:17,BOLT-0467,20.0238
2025-09-06 16:22:22,BOLT-0468,19.953
2025-09-06 16:22:27,BOLT-0469,20.0368
2025-09-06 16:22:32,BOLT-0470,19.9859
2025-09-06 16:22:37,BOLT-0471,19.9792
2025-09-06 16:22:42,BOLT-0472,20.0442
2025-09-06 16:22:47,BOLT-0473,19.9933
2025-09-06 16:22:52,BOLT-0474,20.0214
2025-09-06 16:22:57,BOLT-0475,19.9726
2025-09-06 16:23:02,BOLT-0476,20.0188
2025-09-06 16:23:07,BOLT-0477,19.9788
2025-09-06 16:23:12,BOLT-0478,20.0078
2025-09-06 16:23:17,BOLT-0479,20.0041
2025-09-06 16:23:22,BOLT-0480,20.0443
2025-09-06 16:23:27,BOLT-0481,19.9706
2025-09-06 16:23:32,BOLT-0482,20.0164
2025-09-06 16:23:37,BOLT-0483,19.9858
2025-09-06 16:23:42,BOLT-0484,20.0487
2025-09-06 16:23:47,BOLT-0485,19.9944
2025-09-06 16:23:52,BOLT-0486,19.9521
2025-09-06 16:23:57,BOLT-0487,20.0371
2025-09-06 16:24:02,BOLT-0488,19.9984
2025-09-06 16:24:07,BOLT-0489,20.0157
2025-09-06 16:24:12,BOLT-0490,19.9529
2025-09-06 16:24:17,BOLT-0491,20.0341
2025-09-06 16:24:22,BOLT-0492,19.9815
2025-09-06 16:24:27,BOLT-0493,19.9964
2025-09-06 16:24:32,BOLT-0494,20.0474
2025-09-06 16:24:37,BOLT-0495,20.005
2025-09-06 16:24:42,BOLT-0496,19.9884
2025-09-06 16:24:47,BOLT-0497,19.9933
2025-09-06 16:24:52,BOLT-0498,19.9979
2025-09-06 16:24:57,BOLT-0499,20.0011
2025-09-06 16:25:02,BOLT-0500,19.9668
2025-09-06 16:25:07,BOLT-0501,20.039
2025-09-06 16:25:12,BOLT-0502,19.9999
2025-09-06 16:25:17,BOLT-0503,19.9029
2025-09-06 16:25:22,BOLT-0504,19.9838
2025-09-06 16:25:27,BOLT-0505,19.9942
2025-09-06 16:25:32,BOLT-0506,20.021
2025-09-06 16:25:37,BOLT-0507,20.018
2025-09-06 16:25:42,BOLT-0508,19.96
2025-09-06 16:25:47,BOLT-0509,19.9759
2025-09-06 16:25:52,BOLT-0510,19.9542
2025-09-06 16:25:57,BOLT-0511,19.9971
2025-09-06 16:26:02,BOLT-0512,19.9717
2025-09-06 16:26:07,BOLT-0513,20.017
2025-09-06 16:26:12,BOLT-0514,19.9856
2025-09-06 16:26:17,BOLT-0515,19.9539
2025-09-06 16:26:22,BOLT-0516,20.0222
2025-09-06 16:26:27,BOLT-0517,20.0205
2025-09-06 16:26:32,BOLT-0518,20.0033
2025-09-06 16:26:37,BOLT-0519,19.9954
2025-09-06 16:26:42,BOLT-0520,20.0373
2025-09-06 16:26:47,BOLT-0521,20.03
2025-09-06 16:26:52,BOLT-0522,19.9716
2025-09-06 16:26:57,BOLT-0523,19.9588
2025-09-06 16:27:02,BOLT-0524,20.0073
2025-09-06 16:27:07,BOLT-0525,19.9759
2025-09-06 16:27:12,BOLT-0526,20.0206
2025-09-06 16:27:17,BOLT-0527,20.0476
2025-09-06 16:27:22,BOLT-0528,19.9616
2025-09-06 16:27:27,BOLT-0529,20.0425
2025-09-06 16:27:32,BOLT-0530,19.9923
2025-09-06 16:27:37,BOLT-0531,20.0323
2025-09-06 16:27:42,BOLT-0532,20.0522
2025-09-06 16:27:47,BOLT-0533,20.0493
2025-09-06 16:27:52,BOLT-0534,20.0088
2025-09-06 16:27:57,BOLT-0535,19.9814
2025-09-06 16:28:02,BOLT-0536,20.0068
2025-09-06 16:28:07,BOLT-0537,19.9997
2025-09-06 16:28:12,BOLT-0538,19.9565
2025-09-06 16:28:17,BOLT-0539,19.9887
2025-09-06 16:28:22,BOLT-0540,19.9994
2025-09-06 16:28:27,BOLT-0541,20.0206
2025-09-06 16:28:32,BOLT-0542,19.9904
2025-09-06 16:28:37,BOLT-0543,19.9878
2025-09-06 16:28:42,BOLT-0544,19.9991
2025-09-06 16:28:47,BOLT-0545,20.0147
2025-09-06 16:28:52,BOLT-0546,20.0053
2025-09-06 16:28:57,BOLT-0547,19.9793
2025-09-06 16:29:02,BOLT-0548,19.9659
2025-09-06 16:29:07,BOLT-0549,19.9557
2025-09-06 16:29:12,BOLT-0550,19.9685
2025-09-06 16:29:17,BOLT-0551,19.9954
2025-09-06 16:29:22,BOLT-0552,19.9943
2025-09-06 16:29:27,BOLT-0553,19.9671
2025-09-06 16:29:32,BOLT-0554,19.9739
2025-09-06 16:29:37,BOLT-0555,19.9876
2025-09-06 16:29:42,BOLT-0556,19.9603
2025-09-06 16:29:47,BOLT-0557,20.0407
2025-09-06 16:29:52,BOLT-0558,20.0453
2025-09-06 16:29:57,BOLT-0559,20.0885
2025-09-06 16:30:02,BOLT-0560,19.9655
2025-09-06 16:30:07,BOLT-0561,20.0489
2025-09-06 16:30:12,BOLT-0562,19.9566
2025-09-06 16:30:17,BOLT-0563,20.0005
2025-09-06 16:30:22,BOLT-0564,19.9657
2025-09-06 16:30:27,BOLT-0565,19.9907
2025-09-06 16:30:32,BOLT-0566,20.0394
2025-09-06 16:30:37,BOLT-0567,20.0428
2025-09-06 16:30:42,BOLT-0568,19.9196
2025-09-06 16:30:47,BOLT-0569,20.0485
2025-09-06 16:30:52,BOLT-0570,20.0004
2025-09-06 16:30:57,BOLT-0571,20.0472
2025-09-06 16:31:02,BOLT-0572,19.957
2025-09-06 16:31:07,BOLT-0573,20.0222
2025-09-06 16:31:12,BOLT-0574,19.9638
2025-09-06 16:31:17,BOLT-0575,19.9505
2025-09-06 16:31:22,BOLT-0576,19.9985
2025-09-06 16:31:27,BOLT-0577,20.0462
2025-09-06 16:31:32,BOLT-0578,20.1373
2025-09-06 16:31:37,BOLT-0579,20.0489
2025-09-06 16:31:42,BOLT-0580,20.0471
2025-09-06 16:31:47,BOLT-0581,20.0246
2025-09-06 16:31:52,BOLT-0582,20.0423
2025-09-06 16:31:57,BOLT-0583,19.9609
2025-09-06 16:32:02,BOLT-0584,20.0077
2025-09-06 16:32:07,BOLT-0585,19.9522
2025-09-06 16:32:12,BOLT-0586,20.003
2025-09-06 16:32:17,BOLT-0587,19.9803
2025-09-06 16:32:22,BOLT-0588,19.9925
2025-09-06 16:32:27,BOLT-0589,20.0383
2025-09-06 16:32:32,BOLT-0590,20.0059
2025-09-06 16:32:37,BOLT-0591,19.9988
2025-09-06 16:32:42,BOLT-0592,20.0468
2025-09-06 16:32:47,BOLT-0593,19.9721
2025-09-06 16:32:52,BOLT-0594,19.9565
2025-09-06 16:32:57,BOLT-0595,19.9888
2025-09-06 16:33:02,BOLT-0596,19.9678
2025-09-06 16:33:07,BOLT-0597,20.0417
2025-09-06 16:33:12,BOLT-0598,20.0104
2025-09-06 16:33:17,BOLT-0599,19.8526
2025-09-06 16:33:22,BOLT-0600,20.0408
2025-09-06 16:33:27,BOLT-0601,19.9558
2025-09-06 16:33:32,BOLT-0602,20.0208
2025-09-06 16:33:37,BOLT-0603,20.0271
2025-09-06 16:33:42,BOLT-0604,19.9832
2025-09-06 16:33:47,BOLT-0605,19.9567
2025-09-06 16:33:52,BOLT-0606,20.0081
2025-09-06 16:33:57,BOLT-0607,19.9594
2025-09-06 16:34:02,BOLT-0608,20.0273
2025-09-06 16:34:07,BOLT-0609,20.0096
2025-09-06 16:34:12,BOLT-0610,20.0118
2025-09-06 16:34:17,BOLT-0611,20.0265
2025-09-06 16:34:22,BOLT-0612,20.031
2025-09-06 16:34:27,BOLT-0613,19.9749
2025-09-06 16:34:32,BOLT-0614,20.0477
2025-09-06 16:34:37,BOLT-0615,19.9794
2025-09-06 16:34:42,BOLT-0616,19.9697
2025-09-06 16:34:47,BOLT-0617,20.0202
2025-09-06 16:34:52,BOLT-0618,19.9716
2025-09-06 16:34:57,BOLT-0619,20.0391
2025-09-06 16:35:02,BOLT-0620,19.9787
2025-09-06 16:35:07,BOLT-0621,20.0176
2025-09-06 16:35:12,BOLT-0622,20.1027
2025-09-06 16:35:17,BOLT-0623,20.0348
2025-09-06 16:35:22,BOLT-0624,19.9962
2025-09-06 16:35:27,BOLT-0625,20.0184
2025-09-06 16:35:32,BOLT-0626,19.9745
2025-09-06 16:35:37,BOLT-0627,20.0338
2025-09-06 16:35:42,BOLT-0628,19.9853
2025-09-06 16:35:47,BOLT-0629,20.0434
2025-09-06 16:35:52,BOLT-0630,20.0201
2025-09-06 16:35:57,BOLT-0631,19.9601
2025-09-06 16:36:02,BOLT-0632,20.001
2025-09-06 16:36:07,BOLT-0633,19.9925
2025-09-06 16:36:12,BOLT-0634,20.0247
2025-09-06 16:36:17,BOLT-0635,19.9504
2025-09-06 16:36:22,BOLT-0636,19.9561
2025-09-06 16:36:27,BOLT-0637,19.9673
2025-09-06 16:36:32,BOLT-0638,19.9503
2025-09-06 16:36:37,BOLT-0639,20.0347
2025-09-06 16:36:42,BOLT-0640,20.0001
2025-09-06 16:36:47,BOLT-0641,20.0437
2025-09-06 16:36:52,BOLT-0642,19.9688
2025-09-06 16:36:57,BOLT-0643,19.9507
2025-09-06 16:37:02,BOLT-0644,19.9977
2025-09-06 16:37:07,BOLT-0645,20.0337
2025-09-06 16:37:12,BOLT-0646,20.0346
2025-09-06 16:37:17,BOLT-0647,20.0134
2025-09-06 16:37:22,BOLT-0648,20.1448
2025-09-06 16:37:27,BOLT-0649,20.044
2025-09-06 16:37:32,BOLT-0650,20.0184
2025-09-06 16:37:37,BOLT-0651,20.0262
2025-09-06 16:37:42,BOLT-0652,20.0442
2025-09-06 16:37:47,BOLT-0653,19.95
2025-09-06 16:37:52,BOLT-0654,19.9923
2025-09-06 16:37:57,BOLT-0655,19.9872
2025-09-06 16:38:02,BOLT-0656,20.0137
2025-09-06 16:38:07,BOLT-0657,20.0495
2025-09-06 16:38:12,BOLT-0658,20.0111
2025-09-06 16:38:17,BOLT-0659,20.0036
2025-09-06 16:38:22,BOLT-0660,20.0158
2025-09-06 16:38:27,BOLT-0661,20.0292
2025-09-06 16:38:32,BOLT-0662,20.0266
2025-09-06 16:38:37,BOLT-0663,19.9584
2025-09-06 16:38:42,BOLT-0664,19.986
2025-09-06 16:38:47,BOLT-0665,20.0436
2025-09-06 16:38:52,BOLT-0666,20.1054
2025-09-06 16:38:57,BOLT-0667,20.0106
2025-09-06 16:39:02,BOLT-0668,20.03
2025-09-06 16:39:07,BOLT-0669,20.0465
2025-09-06 16:39:12,BOLT-0670,19.9867
2025-09-06 16:39:17,BOLT-0671,20.0153
2025-09-06 16:39:22,BOLT-0672,20.0286
2025-09-06 16:39:27,BOLT-0673,20.0141
2025-09-06 16:39:32,BOLT-0674,20.1052
2025-09-06 16:39:37,BOLT-0675,19.9813
2025-09-06 16:39:42,BOLT-0676,19.9792
2025-09-06 16:39:47,BOLT-0677,19.9948
2025-09-06 16:39:52,BOLT-0678,20.0319
2025-09-06 16:39:57,BOLT-0679,19.995
2025-09-06 16:40:02,BOLT-0680,20.0104
2025-09-06 16:40:07,BOLT-0681,19.9078
2025-09-06 16:40:12,BOLT-0682,19.9671
2025-09-06 16:40:17,BOLT-0683,20.0018
2025-09-06 16:40:22,BOLT-0684,20.0409
2025-09-06 16:40:27,BOLT-0685,20.0118
2025-09-06 16:40:32,BOLT-0686,19.9564
2025-09-06 16:40:37,BOLT-0687,19.9718
2025-09-06 16:40:42,BOLT-0688,20.0106
2025-09-06 16:40:47,BOLT-0689,20.0332
2025-09-06 16:40:52,BOLT-0690,19.9868
2025-09-06 16:40:57,BOLT-0691,20.0344
2025-09-06 16:41:02,BOLT-0692,19.9884
2025-09-06 16:41:07,BOLT-0693,20.0098
2025-09-06 16:41:12,BOLT-0694,20.0477
2025-09-06 16:41:17,BOLT-0695,20.0381
2025-09-06 16:41:22,BOLT-0696,20.0239
2025-09-06 16:41:27,BOLT-0697,20.0132
2025-09-06 16:41:32,BOLT-0698,20.032
2025-09-06 16:41:37,BOLT-0699,19.9535
2025-09-06 16:41:42,BOLT-0700,20.0357
2025-09-06 16:41:47,BOLT-0701,20.0084
2025-09-06 16:41:52,BOLT-0702,20.0354
2025-09-06 16:41:57,BOLT-0703,19.9845
2025-09-06 16:42:02,BOLT-0704,20.0165
2025-09-06 16:42:07,BOLT-0705,20.0268
2025-09-06 16:42:12,BOLT-0706,20.0356
2025-09-06 16:42:17,BOLT-0707,19.9527
2025-09-06 16:42:22,BOLT-0708,19.9869
2025-09-06 16:42:27,BOLT-0709,20.0116
2025-09-06 16:42:32,BOLT-0710,19.9995
2025-09-06 16:42:37,BOLT-0711,19.9527
2025-09-06 16:42:42,BOLT-0712,20.0424
2025-09-06 16:42:47,BOLT-0713,20.0286
2025-09-06 16:42:52,BOLT-0714,20.0403
2025-09-06 16:42:57,BOLT-0715,19.9613
2025-09-06 16:43:02,BOLT-0716,20.0437
2025-09-06 16:43:07,BOLT-0717,19.9904
2025-09-06 16:43:12,BOLT-0718,19.9998
2025-09-06 16:43:17,BOLT-0719,19.9553
2025-09-06 16:43:22,BOLT-0720,20.0262
2025-09-06 16:43:27,BOLT-0721,19.9506
2025-09-06 16:43:32,BOLT-0722,20.0042
2025-09-06 16:43:37,BOLT-0723,19.9507
2025-09-06 16:43:42,BOLT-0724,19.9664
2025-09-06 16:43:47,BOLT-0725,19.9532
2025-09-06 16:43:52,BOLT-0726,19.9555
2025-09-06 16:43:57,BOLT-0727,20.0493
2025-09-06 16:44:02,BOLT-0728,19.9934
2025-09-06 16:44:07,BOLT-0729,19.9756
2025-09-06 16:44:12,BOLT-0730,20.0159
2025-09-06 16:44:17,BOLT-0731,19.9688
2025-09-06 16:44:22,BOLT-0732,20.0294
2025-09-06 16:44:27,BOLT-0733,19.9746
2025-09-06 16:44:32,BOLT-0734,19.9677
2025-09-06 16:44:37,BOLT-0735,19.9584
2025-09-06 16:44:42,BOLT-0736,20.0299
2025-09-06 16:44:47,BOLT-0737,20.0047
2025-09-06 16:44:52,BOLT-0738,20.0291
2025-09-06 16:44:57,BOLT-0739,20.0061
2025-09-06 16:45:02,BOLT-0740,19.9576
2025-09-06 16:45:07,BOLT-0741,19.9638
2025-09-06 16:45:12,BOLT-0742,20.0118
2025-09-06 16:45:17,BOLT-0743,19.9759
2025-09-06 16:45:22,BOLT-0744,20.0322
2025-09-06 16:45:27,BOLT-0745,20.0069
2025-09-06 16:45:32,BOLT-0746,20.0385
2025-09-06 16:45:37,BOLT-0747,19.954
2025-09-06 16:45:42,BOLT-0748,19.9985
2025-09-06 16:45:47,BOLT-0749,20.0405
2025-09-06 16:45:52,BOLT-0750,19.968
2025-09-06 16:45:57,BOLT-0751,20.0289
2025-09-06 16:46:02,BOLT-0752,19.989
2025-09-06 16:46:07,BOLT-0753,20.0118
2025-09-06 16:46:12,BOLT-0754,19.9749
2025-09-06 16:46:17,BOLT-0755,19.9652
2025-09-06 16:46:22,BOLT-0756,20.0378
2025-09-06 16:46:27,BOLT-0757,20.0045
2025-09-06 16:46:32,BOLT-0758,19.9759
2025-09-06 16:46:37,BOLT-0759,20.0114
2025-09-06 16:46:42,BOLT-0760,19.9877
2025-09-06 16:46:47,BOLT-0761,19.9656
2025-09-06 16:46:52,BOLT-0762,20.0319
2025-09-06 16:46:57,BOLT-0763,20.0355
2025-09-06 16:47:02,BOLT-0764,20.0177
2025-09-06 16:47:07,BOLT-0765,20.0348
2025-09-06 16:47:12,BOLT-0766,20.0191
2025-09-06 16:47:17,BOLT-0767,19.9076
2025-09-06 16:47:22,BOLT-0768,20.0377
2025-09-06 16:47:27,BOLT-0769,20.0088
2025-09-06 16:47:32,BOLT-0770,20.0349
2025-09-06 16:47:37,BOLT-0771,19.9568
2025-09-06 16:47:42,BOLT-0772,19.941
2025-09-06 16:47:47,BOLT-0773,19.9918
2025-09-06 16:47:52,BOLT-0774,20.0326
2025-09-06 16:47:57,BOLT-0775,19.9709
2025-09-06 16:48:02,BOLT-0776,19.9744
2025-09-06 16:48:07,BOLT-0777,20.0146
2025-09-06 16:48:12,BOLT-0778,19.971
2025-09-06 16:48:17,BOLT-0779,19.9744
2025-09-06 16:48:22,BOLT-0780,19.9556
2025-09-06 16:48:27,BOLT-0781,20.0308
2025-09-06 16:48:32,BOLT-0782,20.0483
2025-09-06 16:48:37,BOLT-0783,20.0122
2025-09-06 16:48:42,BOLT-0784,19.9734
2025-09-06 16:48:47,BOLT-0785,19.9541
2025-09-06 16:48:52,BOLT-0786,20.0273
2025-09-06 16:48:57,BOLT-0787,19.9888
2025-09-06 16:49:02,BOLT-0788,20.0125
2025-09-06 16:49:07,BOLT-0789,19.9926
2025-09-06 16:49:12,BOLT-0790,19.9285
2025-09-06 16:49:17,BOLT-0791,19.9912
2025-09-06 16:49:22,BOLT-0792,20.05
2025-09-06 16:49:27,BOLT-0793,19.9655
2025-09-06 16:49:32,BOLT-0794,20.0182
2025-09-06 16:49:37,BOLT-0795,19.9555
2025-09-06 16:49:42,BOLT-0796,20.0352
2025-09-06 16:49:47,BOLT-0797,20.0093
2025-09-06 16:49:52,BOLT-0798,19.9533
2025-09-06 16:49:57,BOLT-0799,19.9667
2025-09-06 16:50:02,BOLT-0800,20.0002
2025-09-06 16:50:07,BOLT-0801,19.9583
2025-09-06 16:50:12,BOLT-0802,19.9634
2025-09-06 16:50:17,BOLT-0803,19.9906
2025-09-06 16:50:22,BOLT-0804,20.0218
2025-09-06 16:50:27,BOLT-0805,20.0013
2025-09-06 16:50:32,BOLT-0806,19.9887
2025-09-06 16:50:37,BOLT-0807,19.9622
2025-09-06 16:50:42,BOLT-0808,19.9983
2025-09-06 16:50:47,BOLT-0809,19.9882
2025-09-06 16:50:52,BOLT-0810,19.95
2025-09-06 16:50:57,BOLT-0811,19.9099
2025-09-06 16:51:02,BOLT-0812,20.0036
2025-09-06 16:51:07,BOLT-0813,19.9602
2025-09-06 16:51:12,BOLT-0814,20.0036
2025-09-06 16:51:17,BOLT-0815,19.9715
2025-09-06 16:51:22,BOLT-0816,20.1186
2025-09-06 16:51:27,BOLT-0817,20.0342
2025-09-06 16:51:32,BOLT-0818,19.9566
2025-09-06 16:51:37,BOLT-0819,20.0395
2025-09-06 16:51:42,BOLT-0820,20.0321
2025-09-06 16:51:47,BOLT-0821,19.9927
2025-09-06 16:51:52,BOLT-0822,20.0016
2025-09-06 16:51:57,BOLT-0823,19.9625
2025-09-06 16:52:02,BOLT-0824,20.0326
2025-09-06 16:52:07,BOLT-0825,20.0487
2025-09-06 16:52:12,BOLT-0826,20.045
2025-09-06 16:52:17,BOLT-0827,20.0035
2025-09-06 16:52:22,BOLT-0828,20.0283
2025-09-06 16:52:27,BOLT-0829,19.9998
2025-09-06 16:52:32,BOLT-0830,20.0618
2025-09-06 16:52:37,BOLT-0831,19.9658
2025-09-06 16:52:42,BOLT-0832,19.9674
2025-09-06 16:52:47,BOLT-0833,20.008
2025-09-06 16:52:52,BOLT-0834,19.9552
2025-09-06 16:52:57,BOLT-0835,19.9646
2025-09-06 16:53:02,BOLT-0836,20.0293
2025-09-06 16:53:07,BOLT-0837,20.0319
2025-09-06 16:53:12,BOLT-0838,20.0117
2025-09-06 16:53:17,BOLT-0839,19.9836
2025-09-06 16:53:22,BOLT-0840,20.1279
2025-09-06 16:53:27,BOLT-0841,19.971
2025-09-06 16:53:32,BOLT-0842,19.9611
2025-09-06 16:53:37,BOLT-0843,20.0054
2025-09-06 16:53:42,BOLT-0844,19.9682
2025-09-06 16:53:47,BOLT-0845,20.0272
2025-09-06 16:53:52,BOLT-0846,20.0006
2025-09-06 16:53:57,BOLT-0847,20.0351
2025-09-06 16:54:02,BOLT-0848,19.9551
2025-09-06 16:54:07,BOLT-0849,20.0487
2025-09-06 16:54:12,BOLT-0850,19.9577
2025-09-06 16:54:17,BOLT-0851,20.0333
2025-09-06 16:54:22,BOLT-0852,20.0481
2025-09-06 16:54:27,BOLT-0853,20.0208
2025-09-06 16:54:32,BOLT-0854,19.9834
2025-09-06 16:54:37,BOLT-0855,19.9519
2025-09-06 16:54:42,BOLT-0856,20.0105
2025-09-06 16:54:47,BOLT-0857,19.9785
2025-09-06 16:54:52,BOLT-0858,20.0156
2025-09-06 16:54:57,BOLT-0859,19.9684
2025-09-06 16:55:02,BOLT-0860,20.0047
2025-09-06 16:55:07,BOLT-0861,20.022
2025-09-06 16:55:12,BOLT-0862,20.0316
2025-09-06 16:55:17,BOLT-0863,19.9556
2025-09-06 16:55:22,BOLT-0864,19.9704
2025-09-06 16:55:27,BOLT-0865,20.0301
2025-09-06 16:55:32,BOLT-0866,20.0234
2025-09-06 16:55:37,BOLT-0867,20.0418
2025-09-06 16:55:42,BOLT-0868,20.0423
2025-09-06 16:55:47,BOLT-0869,20.0401
2025-09-06 16:55:52,BOLT-0870,20.0105
2025-09-06 16:55:57,BOLT-0871,19.967
2025-09-06 16:56:02,BOLT-0872,20.0319
2025-09-06 16:56:07,BOLT-0873,20.0287
2025-09-06 16:56:12,BOLT-0874,20.0104
2025-09-06 16:56:17,BOLT-0875,19.9954
2025-09-06 16:56:22,BOLT-0876,19.9785
2025-09-06 16:56:27,BOLT-0877,20.0206
2025-09-06 16:56:32,BOLT-0878,19.9836
2025-09-06 16:56:37,BOLT-0879,20.0237
2025-09-06 16:56:42,BOLT-0880,19.9889
2025-09-06 16:56:47,BOLT-0881,19.9764
2025-09-06 16:56:52,BOLT-0882,19.8887
2025-09-06 16:56:57,BOLT-0883,20.088
2025-09-06 16:57:02,BOLT-0884,20.0206
2025-09-06 16:57:07,BOLT-0885,20.0436
2025-09-06 16:57:12,BOLT-0886,20.0754
2025-09-06 16:57:17,BOLT-0887,20.0399
2025-09-06 16:57:22,BOLT-0888,19.9699
2025-09-06 16:57:27,BOLT-0889,19.9834
2025-09-06 16:57:32,BOLT-0890,20.0322
2025-09-06 16:57:37,BOLT-0891,20.0356
2025-09-06 16:57:42,BOLT-0892,20.0378
2025-09-06 16:57:47,BOLT-0893,20.0088
2025-09-06 16:57:52,BOLT-0894,19.97
2025-09-06 16:57:57,BOLT-0895,20.0218
2025-09-06 16:58:02,BOLT-0896,19.8728
2025-09-06 16:58:07,BOLT-0897,19.9566
2025-09-06 16:58:12,BOLT-0898,19.9925
2025-09-06 16:58:17,BOLT-0899,19.9637
2025-09-06 16:58:22,BOLT-0900,20.0004
2025-09-06 16:58:27,BOLT-0901,19.9965
2025-09-06 16:58:32,BOLT-0902,20.0418
2025-09-06 16:58:37,BOLT-0903,20.03
2025-09-06 16:58:42,BOLT-0904,20.0435
2025-09-06 16:58:47,BOLT-0905,19.9788
2025-09-06 16:58:52,BOLT-0906,20.036
2025-09-06 16:58:57,BOLT-0907,20.0003
2025-09-06 16:59:02,BOLT-0908,20.0111
2025-09-06 16:59:07,BOLT-0909,20.0024
2025-09-06 16:59:12,BOLT-0910,19.9578
2025-09-06 16:59:17,BOLT-0911,20.0143
2025-09-06 16:59:22,BOLT-0912,20.0152
2025-09-06 16:59:27,BOLT-0913,19.993
2025-09-06 16:59:32,BOLT-0914,20.1081
2025-09-06 16:59:37,BOLT-0915,20.0166
2025-09-06 16:59:42,BOLT-0916,19.9796
2025-09-06 16:59:47,BOLT-0917,20.0108
2025-09-06 16:59:52,BOLT-0918,19.9523
2025-09-06 16:59:57,BOLT-0919,20.0435
2025-09-06 17:00:02,BOLT-0920,20.0018
2025-09-06 17:00:07,BOLT-0921,19.9929
2025-09-06 17:00:12,BOLT-0922,19.9971
2025-09-06 17:00:17,BOLT-0923,20.016
2025-09-06 17:00:22,BOLT-0924,20.0118
2025-09-06 17:00:27,BOLT-0925,20.0801
2025-09-06 17:00:32,BOLT-0926,20.1077
2025-09-06 17:00:37,BOLT-0927,19.9549
2025-09-06 17:00:42,BOLT-0928,20.0027
2025-09-06 17:00:47,BOLT-0929,20.0383
2025-09-06 17:00:52,BOLT-0930,19.969
2025-09-06 17:00:57,BOLT-0931,20.0006
2025-09-06 17:01:02,BOLT-0932,20.0496
2025-09-06 17:01:07,BOLT-0933,20.0433
2025-09-06 17:01:12,BOLT-0934,19.9845
2025-09-06 17:01:17,BOLT-0935,20.0122
2025-09-06 17:01:22,BOLT-0936,20.1204
2025-09-06 17:01:27,BOLT-0937,19.9691
2025-09-06 17:01:32,BOLT-0938,19.9907
2025-09-06 17:01:37,BOLT-0939,19.9757
2025-09-06 17:01:42,BOLT-0940,20.0192
2025-09-06 17:01:47,BOLT-0941,19.9722
2025-09-06 17:01:52,BOLT-0942,19.9639
2025-09-06 17:01:57,BOLT-0943,19.907
2025-09-06 17:02:02,BOLT-0944,19.9581
2025-09-06 17:02:07,BOLT-0945,19.9971
2025-09-06 17:02:12,BOLT-0946,19.9899
2025-09-06 17:02:17,BOLT-0947,20.0148
2025-09-06 17:02:22,BOLT-0948,19.9678
2025-09-06 17:02:27,BOLT-0949,19.9831
2025-09-06 17:02:32,BOLT-0950,20.0325
2025-09-06 17:02:37,BOLT-0951,19.9977
2025-09-06 17:02:42,BOLT-0952,20.0486
2025-09-06 17:02:47,BOLT-0953,19.9627
2025-09-06 17:02:52,BOLT-0954,19.9633
2025-09-06 17:02:57,BOLT-0955,20.0484
2025-09-06 17:03:02,BOLT-0956,19.9968
2025-09-06 17:03:07,BOLT-0957,19.8755
2025-09-06 17:03:12,BOLT-0958,20.0149
2025-09-06 17:03:17,BOLT-0959,19.9846
2025-09-06 17:03:22,BOLT-0960,20.0029
2025-09-06 17:03:27,BOLT-0961,20.056
2025-09-06 17:03:32,BOLT-0962,19.9764
2025-09-06 17:03:37,BOLT-0963,20.0411
2025-09-06 17:03:42,BOLT-0964,20.0224
2025-09-06 17:03:47,BOLT-0965,19.9991
2025-09-06 17:03:52,BOLT-0966,20.0018
2025-09-06 17:03:57,BOLT-0967,20.044
2025-09-06 17:04:02,BOLT-0968,19.9642
2025-09-06 17:04:07,BOLT-0969,20.03
2025-09-06 17:04:12,BOLT-0970,19.9273
2025-09-06 17:04:17,BOLT-0971,19.9797
2025-09-06 17:04:22,BOLT-0972,19.9671
2025-09-06 17:04:27,BOLT-0973,20.0768
2025-09-06 17:04:32,BOLT-0974,20.0258
2025-09-06 17:04:37,BOLT-0975,20.0153
2025-09-06 17:04:42,BOLT-0976,20.0354
2025-09-06 17:04:47,BOLT-0977,20.0127
2025-09-06 17:04:52,BOLT-0978,19.9931
2025-09-06 17:04:57,BOLT-0979,20.0041
2025-09-06 17:05:02,BOLT-0980,19.9933
2025-09-06 17:05:07,BOLT-0981,20.0036
2025-09-06 17:05:12,BOLT-0982,20.1319
2025-09-06 17:05:17,BOLT-0983,20.0218
2025-09-06 17:05:22,BOLT-0984,20.0453
2025-09-06 17:05:27,BOLT-0985,20.0463
2025-09-06 17:05:32,BOLT-0986,20.0113
2025-09-06 17:05:37,BOLT-0987,19.9913
2025-09-06 17:05:42,BOLT-0988,19.9869
2025-09-06 17:05:47,BOLT-0989,19.9729
2025-09-06 17:05:52,BOLT-0990,20.0369
2025-09-06 17:05:57,BOLT-0991,19.9589
2025-09-06 17:06:02,BOLT-0992,19.9749
2025-09-06 17:06:07,BOLT-0993,19.9746
2025-09-06 17:06:12,BOLT-0994,19.9812
2025-09-06 17:06:17,BOLT-0995,20.001
2025-09-06 17:06:22,BOLT-0996,19.974
2025-09-06 17:06:27,BOLT-0997,20.0264
2025-09-06 17:06:32,BOLT-0998,19.9882
2025-09-06 17:06:37,BOLT-0999,20.0301
2025-09-06 17:06:42,BOLT-1000,19.957
